temperature,residence time,pressure,Yield,Conversion
65.46052043589046,82.34142419906244,6.472701290839825,65.46052043589046,82.34142419906244
41.41266021831474,16.651212982409966,5.960930699193204,41.41266021831474,16.651212982409966
99.63433527455133,43.408580826771654,9.857494828429598,99.63433527455132,43.40858082677165
81.4170955298553,63.318771805237525,3.037844662765016,81.4170955298553,63.318771805237525
36.790964579154306,85.95725884156263,7.59285161046929,36.79096457915431,85.95725884156263
11.921704490133187,37.414467579888736,3.9556280049693786,11.921704490133187,37.414467579888736
